id,first_name,last_name,date_of_birth,country,married,job,income_in_year,total_property_cost
1,Anthony,Miller,80,France,True,Astronomer,100826$,641662$
2,Walter,Henry,60,Poland,True,Health promotion specialist,76112$,1907200$
7,Michael,Munoz,36,France,False,Clinical molecular geneticist,88208$,441762$
8,Natalie,Hensley,26,France,True,Pensions consultant,123681$,2124875$
9,Dawn,Jones,41,Poland,False,"Surveyor, minerals",73610$,1733425$
10,Susan,Turner,22,France,True,"Investment banker, operational",98767$,1177176$
11,Kari,Kaiser,51,Germany,True,Intelligence analyst,85297$,693574$
12,Jacqueline,Crosby,33,Italy,True,Commercial horticulturist,79360$,911185$
13,Stephen,Lee,76,Poland,True,"Programmer, systems",83287$,2311692$
14,Brandon,Collins,24,Poland,False,Artist,100402$,1900968$
15,Zachary,Bryant,29,France,False,"Surveyor, minerals",38668$,775020$
16,Gabriel,Garner,71,Poland,True,Chief Financial Officer,116529$,1793016$
17,Jill,Campbell,37,Spain,True,"Development worker, community",80497$,1221972$
18,Ashley,Aguirre,77,France,False,Pension scheme manager,87641$,807350$
19,Cindy,Reynolds,39,France,True,Microbiologist,107444$,1915185$
20,Robert,Galloway,20,France,True,Facilities manager,114052$,1349052$
21,Lauren,Young,56,Germany,True,Clinical embryologist,47138$,2948232$
22,Adam,Le,26,Italy,True,Claims inspector/assessor,106588$,1388580$
23,Mary,Long,60,Germany,False,"Scientist, research (life sciences)",113348$,1447836$
24,Daniel,Johnson,47,United Kingdom,True,Passenger transport manager,76848$,1027134$
25,Clifford,Barrera,49,Germany,True,"Horticulturist, amenity",69210$,1819796$
26,Manuel,Mccoy,21,France,False,Arts development officer,64533$,1649323$
27,Christopher,Brennan,31,Spain,False,Adult nurse,135099$,705348$
28,Arthur,Baker,79,United Kingdom,False,Interpreter,64034$,1810638$
29,James,Dean,36,Germany,False,Meteorologist,61488$,1573452$
30,Chad,Bryant,59,France,False,"Biochemist, clinical",114140$,1728563$
31,James,Anderson,25,United Kingdom,False,Energy manager,105879$,2049690$
32,Matthew,Gibbs,65,Spain,True,Technical sales engineer,91443$,1050907$
33,Miguel,Lee,64,Poland,False,"Designer, textile",89952$,2460080$
34,Connor,Ball,31,Spain,True,Clinical biochemist,92021$,2040588$
35,Marcus,White,24,Italy,True,Forensic psychologist,71270$,1557018$
36,Brett,Logan,37,Spain,True,Equality and diversity officer,104949$,1734354$
37,Omar,Elliott,73,Poland,True,"Pharmacist, community",96711$,1207228$
38,Christine,Matthews,64,Poland,True,Barrister's clerk,99873$,1302056$
39,Heather,Mejia,59,Germany,False,"Secretary, company",109243$,1464435$
40,Stephanie,Robinson,76,Spain,False,Administrator,65413$,1902082$
41,Michelle,Jones,51,Germany,False,Theatre stage manager,89819$,865557$
42,Jessica,White,67,Italy,False,Licensed conveyancer,117308$,1635328$
43,Robert,Pacheco,76,United Kingdom,True,Consulting civil engineer,101370$,956410$
44,Erica,Carney,76,Spain,True,Warehouse manager,82097$,890720$
45,Angela,Parker,57,France,True,"Geneticist, molecular",82502$,1065675$
46,Adam,Wilcox,42,Poland,True,Writer,106194$,892368$
47,Allen,Jones,33,United Kingdom,True,"Accountant, chartered public finance",97895$,2339082$
48,Joanne,Palmer,35,United Kingdom,True,Commercial art gallery manager,98916$,308890$
49,Travis,Jacobs,50,Germany,True,Interior and spatial designer,116829$,1545984$
50,Michael,Black,61,Poland,False,Commercial/residential surveyor,86105$,1293066$
51,Charles,Ramsey,32,France,True,Sports administrator,57407$,595550$
52,Amanda,Hall,32,Germany,False,"Psychotherapist, dance movement",72018$,1778595$
53,Nina,Olson,62,Poland,True,"Surveyor, rural practice",103169$,2178110$
54,Angela,Nunez,53,United Kingdom,True,Microbiologist,72587$,1639616$
55,Katherine,Mitchell,30,Germany,False,Public relations officer,89181$,324935$
56,Amy,Black,27,Poland,True,Ecologist,58341$,1468375$
57,Jose,Boyd,32,Italy,False,Meteorologist,78053$,2246540$
58,Linda,Salazar,78,United Kingdom,False,"Therapist, sports",100770$,1208724$
59,Steven,Lucero,22,Poland,False,"Designer, multimedia",87653$,1838832$
60,Randy,Andrews,46,Germany,False,Corporate investment banker,71380$,1197784$
61,Brandon,Mathews,72,Spain,False,Air broker,93281$,874683$
62,Charlene,Colon,78,Italy,False,"Engineer, aeronautical",99188$,673540$
63,Natalie,Thomas,59,Spain,False,Seismic interpreter,90398$,737370$
64,Kenneth,Davis,48,United Kingdom,True,Environmental manager,72003$,1462440$
65,Stephen,Martin,79,Spain,True,Land/geomatics surveyor,74102$,1345071$
66,Kyle,Gibbs,50,Germany,True,Forensic scientist,94320$,1396376$
67,Michelle,Watson,61,France,False,Dispensing optician,92576$,2075546$
68,Holly,Gonzalez,43,France,True,Publishing rights manager,86459$,1313424$
69,Kimberly,Baker,56,Germany,False,unemployed,58631$,1707480$
70,Christine,Myers,78,United Kingdom,True,"Engineer, biomedical",83991$,555198$
71,Scott,Gates,50,United Kingdom,False,Licensed conveyancer,61961$,431900$
72,Melissa,Strickland,40,United Kingdom,False,"Engineer, manufacturing",83908$,425235$
73,Melanie,Frye,36,Poland,False,unemployed,75799$,1071165$
74,Christopher,Hutchinson,64,Italy,False,unemployed,62387$,1507185$
75,Rhonda,Cook,75,United Kingdom,False,Retail merchandiser,105688$,585815$
76,Teresa,Bradford,80,Germany,False,Management consultant,109134$,888825$
77,Larry,Pierce,37,United Kingdom,False,Insurance broker,80178$,575520$
78,Sandy,Mercado,22,Italy,True,Product/process development scientist,72261$,2415105$
79,John,Blevins,75,Spain,False,Health promotion specialist,89142$,958155$
80,Christopher,Peterson,54,Spain,True,"Civil engineer, contracting",101759$,1759920$
81,Crystal,Martin,79,Germany,True,Acupuncturist,99070$,1274608$
82,Pamela,Brown,22,Spain,True,Recruitment consultant,91453$,1712592$
83,Mark,Harrison,61,Spain,True,"Scientist, forensic",88533$,1520948$
84,Jennifer,Cuevas,55,France,True,Health promotion specialist,92920$,558888$
85,Larry,Kelley,46,Poland,False,Secretary/administrator,119450$,377090$
86,Linda,Thompson,43,Italy,False,"Scientist, research (medical)",90702$,588115$
87,Jonathan,White,51,Germany,True,"Civil engineer, consulting",131456$,1223544$
88,Carrie,Dennis,36,Italy,True,Podiatrist,65216$,2150820$
89,Karl,Barnes,48,Italy,False,Manufacturing engineer,121975$,2263545$
90,Jennifer,Wilson,66,United Kingdom,True,Associate Professor,99325$,934633$
91,Debra,Nguyen,43,Germany,True,"Scientist, audiological",48522$,2181000$
92,James,Hood,61,France,True,Commercial/residential surveyor,37939$,2254120$
93,Joann,Jones,63,Italy,True,Tax inspector,98054$,3302202$
94,Alexander,King,65,Italy,False,"Investment banker, operational",84594$,2070145$
95,Tyler,Brown,54,Poland,True,Sales executive,98978$,654612$
96,James,Mejia,22,United Kingdom,True,Community education officer,50421$,599418$
97,Michael,Garcia,75,Italy,True,Lexicographer,46628$,360445$
98,Jacob,Thornton,76,Spain,True,"Education officer, community",86007$,1430604$
99,Steven,Crawford,20,United Kingdom,True,"Conservator, furniture",87361$,2318016$
100,Wayne,Gutierrez,28,Spain,True,"Doctor, general practice",115952$,825566$
101,Susan,Coleman,36,Germany,True,"Programmer, systems",76267$,473736$
102,Laura,Fox,76,Spain,True,Arts administrator,100339$,392250$
103,Christina,Harper,27,United Kingdom,True,Technical author,60983$,837628$
104,Trevor,Oneal,43,Poland,False,Planning and development surveyor,95528$,1943983$
105,Erika,Walker,38,United Kingdom,True,Data processing manager,105235$,767192$
106,Jonathan,Wolf,59,United Kingdom,True,Volunteer coordinator,92591$,2994225$
107,Kimberly,Ruiz,65,Germany,False,Warden/ranger,89024$,2010582$
108,David,Merritt,64,Spain,True,"Programmer, systems",86006$,2274750$
109,Tommy,Pearson,33,Poland,True,Archivist,101131$,2109660$
110,Theresa,Garza,63,Poland,False,Proofreader,82335$,1943664$
111,Laura,Hart,49,United Kingdom,True,Quality manager,53330$,3190375$
112,Jeffrey,Guerra,64,Germany,False,"Geologist, wellsite",91051$,2491800$
113,Dawn,Pittman,80,United Kingdom,True,Geochemist,47175$,1896092$
114,Keith,White,51,Italy,True,Health promotion specialist,91454$,1455945$
115,Anna,Mahoney,30,Germany,True,Speech and language therapist,93899$,1856505$
116,Richard,Santana,65,Germany,False,Environmental consultant,65342$,960936$
117,Eric,Mcgrath,33,France,False,"Scientist, audiological",78273$,1229722$
118,Elizabeth,Golden,44,United Kingdom,True,Scientific laboratory technician,89537$,1337973$
119,Angela,Smith,28,France,True,"Research officer, trade union",56915$,805140$
120,Danny,Wilson,30,United Kingdom,True,"Engineer, maintenance (IT)",84665$,1595119$
121,Laurie,Cline,29,France,True,Set designer,132043$,1603952$
122,Joshua,Jones,19,Poland,True,"Designer, industrial/product",83408$,2248664$
123,Mark,Barrera,26,France,False,"Surveyor, quantity",100830$,1051137$
124,Austin,Marshall,51,Germany,True,"Psychologist, occupational",88258$,1967385$
125,Gerald,Jackson,51,Spain,False,"Engineer, aeronautical",117752$,586593$
126,Vanessa,Lewis,20,Germany,False,Clinical cytogeneticist,111529$,1003212$
127,Julia,Potts,68,United Kingdom,False,"Scientist, product/process development",59269$,1832350$
128,Kathryn,Hart,52,United Kingdom,True,"Scientist, marine",73605$,1602165$
129,Mary,Walker,42,United Kingdom,False,Firefighter,97640$,1986624$
130,Bruce,Myers,31,United Kingdom,False,Further education lecturer,85636$,2082336$
131,Joshua,Ford,52,Poland,True,Jewellery designer,97130$,1456581$
132,Sandra,Pittman,24,France,True,Electrical engineer,112171$,3205150$
133,Adam,Campbell,52,United Kingdom,False,Building services engineer,109583$,462515$
134,Crystal,Mccormick,42,Spain,False,Wellsite geologist,104226$,712629$
135,Jacqueline,Sims,37,Spain,True,"Teacher, secondary school",69650$,1992736$
136,Megan,Parker,56,Poland,True,Purchasing manager,101185$,1057394$
137,Susan,Lopez,50,Spain,True,Market researcher,81722$,1031625$
138,Pedro,Green,55,United Kingdom,True,"Teacher, special educational needs",106010$,1018108$
139,Terri,Bennett,31,United Kingdom,False,"Production assistant, television",82091$,557624$
140,Robert,Knapp,71,France,True,Industrial buyer,96520$,866640$
141,Brandon,Lynch,37,United Kingdom,False,"Research officer, political party",81222$,507656$
142,Bradley,Hess,41,Spain,False,Clinical molecular geneticist,94417$,2151556$
143,Meagan,Adkins,48,France,True,Futures trader,83765$,632025$
144,Anthony,Ramirez,36,Spain,True,Aeronautical engineer,98859$,2800925$
145,Frank,Carroll,38,Spain,False,"Engineer, broadcasting (operations)",127629$,1884933$
146,Thomas,Smith,74,Italy,False,Computer games developer,93244$,2036430$
147,Benjamin,Pitts,23,Germany,False,Immigration officer,80010$,1179794$
148,Ashley,Smith,51,France,True,Catering manager,79720$,583074$
149,Suzanne,Williams,62,Germany,False,Trading standards officer,76065$,1444167$
150,Derek,Davis,67,Poland,False,Counsellor,83361$,939081$
151,Tyler,Knight,76,Germany,True,unemployed,124919$,2097094$
152,Matthew,Curry,39,France,True,Chartered loss adjuster,88000$,488355$
153,Dominic,Dawson,52,Germany,False,Dealer,111460$,1847820$
154,James,Taylor,67,Germany,False,"Clinical scientist, histocompatibility and immunogenetics",136815$,610582$
155,Ryan,Williams,63,United Kingdom,False,Chief Strategy Officer,73303$,678498$
156,Michael,Kane,57,United Kingdom,False,Office manager,50964$,761060$
157,Oscar,Campbell,56,Poland,True,Horticultural consultant,104393$,801328$
158,Paul,Conway,54,United Kingdom,True,Customer service manager,53953$,1090839$
159,Kayla,Oconnell,75,Germany,False,Environmental manager,137958$,1242240$
160,Barbara,Mayo,62,France,False,Charity fundraiser,101227$,1550840$
161,Melissa,Jones,56,Spain,False,"Teacher, music",90341$,709010$
162,Katherine,Adams,38,United Kingdom,False,"Restaurant manager, fast food",72015$,2476188$
163,Heidi,Harris,62,Italy,True,Theatre director,83679$,826189$
164,Adrienne,Frank,22,Spain,True,Television camera operator,95679$,459540$
165,Jerry,Holland,46,Poland,True,"Designer, ceramics/pottery",89087$,1903275$
166,Guy,Mclaughlin,40,United Kingdom,False,Physiological scientist,80993$,1137495$
167,Paul,Parker,51,Italy,False,"Therapist, sports",64059$,748503$
168,Ashley,Villegas,20,Italy,True,Textile designer,76773$,1482966$
169,Laura,Harris,37,United Kingdom,True,Tourist information centre manager,112941$,1362680$
170,Judy,Moreno,61,Germany,True,"Editor, magazine features",86418$,1395674$
171,Cody,Logan,39,Germany,True,Occupational psychologist,83545$,492775$
172,Julia,Johnson,40,Germany,True,Midwife,68579$,582984$
173,Nicole,Crawford,50,Poland,True,Futures trader,87548$,1070433$
174,Benjamin,Smith,68,Italy,False,"Production designer, theatre/television/film",59386$,1516194$
175,Deanna,Villegas,52,Spain,True,Sports development officer,110966$,657084$
176,Joseph,Robertson,75,Germany,True,Interpreter,117979$,861210$
177,Andrew,Perkins,76,Germany,False,Restaurant manager,60844$,1797757$
178,Melody,Hinton,50,Poland,False,Ranger/warden,118725$,492380$
179,Matthew,Mcdowell,25,France,True,Speech and language therapist,124812$,1434409$
180,Jennifer,Jennings,34,Germany,False,Pension scheme manager,93621$,795290$
181,Robert,Long,41,United Kingdom,False,Copy,105437$,1172358$
182,Sophia,Torres,35,United Kingdom,True,"Librarian, academic",91391$,1434255$
183,Patrick,Schroeder,22,United Kingdom,False,"Psychotherapist, dance movement",70150$,1607745$
184,Carol,Bautista,21,Germany,True,Cabin crew,109907$,1090188$
185,Regina,Chapman,22,Spain,True,Hospital doctor,91335$,965062$
186,Sandra,Garcia,62,Italy,False,"Editor, commissioning",32944$,270080$
187,Lisa,Ross,77,France,False,"Designer, exhibition/display",84944$,1390976$
188,Brittany,Fry,61,Poland,False,Education administrator,97638$,478836$
189,Richard,Allen,23,United Kingdom,False,Industrial/product designer,97788$,503615$
190,James,Brown,71,Italy,True,Market researcher,70118$,3009120$
191,Megan,Holland,60,Spain,True,Furniture conservator/restorer,94817$,930308$
192,Laurie,Stanton,46,United Kingdom,True,Air broker,76401$,694728$
193,Ruth,Burns,77,France,True,Office manager,78377$,1000580$
194,Tim,Conley,19,United Kingdom,True,Agricultural engineer,61049$,873195$
195,Lisa,Davis,43,Italy,True,"Surveyor, quantity",67482$,1088475$
196,Shane,Quinn,33,Poland,True,"Designer, furniture",109180$,2042057$
197,James,Wells,74,United Kingdom,False,Geoscientist,111209$,318820$
198,Jose,Murray,26,Poland,True,Art therapist,76423$,624180$
199,Patty,Jacobs,78,Italy,False,"Journalist, magazine",106186$,1438614$
200,Lynn,King,76,Spain,True,Data scientist,84892$,1736592$
201,Timothy,Thompson,72,United Kingdom,True,Equality and diversity officer,61887$,830304$
202,Erik,Velasquez,46,Poland,False,Youth worker,120065$,919440$
203,Robert,Chen,59,Spain,True,"Programme researcher, broadcasting/film/video",68731$,2023517$
204,Valerie,Powell,56,Spain,True,Risk analyst,96766$,2188700$
205,Billy,Thomas,76,Spain,True,"Teacher, early years/pre",80409$,2149152$
206,Brandon,Holt,66,Germany,True,Physiological scientist,81144$,552195$
207,Kelly,Guzman,60,France,False,Production manager,97227$,961068$
208,Melissa,Bradford,68,Poland,False,"Nurse, mental health",128784$,457905$
209,Cassandra,Klein,35,Italy,True,Insurance claims handler,48188$,1551433$
210,David,Allen,23,Italy,False,Video editor,73223$,1653712$
211,Joseph,Snyder,29,Italy,False,"Therapist, occupational",79289$,809235$
212,Danny,Washington,35,Spain,True,Teaching laboratory technician,126618$,1556688$
213,Randall,Mcintyre,62,Italy,True,Telecommunications researcher,67451$,1595898$
214,Jorge,Smith,41,France,True,Heritage manager,71365$,1194864$
215,Ian,Green,55,Germany,True,Counsellor,75695$,1399720$
216,Natalie,Wilson,65,France,True,"Pharmacist, community",84021$,1560875$
217,Elizabeth,Guerra,72,Germany,False,Land,84252$,1299103$
218,Gabriel,Little,66,France,False,Dance movement psychotherapist,40745$,1424420$
219,Terry,Jefferson,56,United Kingdom,False,Animal nutritionist,110762$,984276$
220,Lisa,Martin,43,Spain,True,Tourist information centre manager,75943$,1291660$
221,Patricia,Carter,29,Spain,False,"Psychologist, occupational",101092$,1319438$
222,Matthew,Martin,58,Spain,True,"Engineer, site",108491$,983304$
223,Kenneth,Lucas,71,United Kingdom,False,Chemical engineer,102234$,1589150$
224,Matthew,Estrada,77,Poland,False,Social researcher,96304$,786576$
225,Randy,Payne,38,United Kingdom,False,"Designer, industrial/product",45947$,1527296$
226,Randy,Jones,38,United Kingdom,False,Film/video editor,79644$,1307685$
227,Phillip,Smith,57,Poland,False,Chief Executive Officer,89127$,564564$
228,Amy,Reyes,41,Poland,False,"Engineer, drilling",103277$,927730$
229,Stacy,Gonzales,47,United Kingdom,False,"Education officer, environmental",82564$,637338$
230,David,Gonzalez,75,Italy,False,Art therapist,85029$,543221$
231,Jacob,Taylor,37,Spain,False,Secretary/administrator,88714$,909634$
232,Richard,Mccann,47,Germany,True,Field trials officer,124377$,1530207$
233,Amanda,Everett,72,United Kingdom,False,Careers adviser,92599$,652977$
234,Sheila,Adams,58,Germany,False,"Designer, exhibition/display",89664$,1787170$
235,Tracey,Johnson,77,Poland,True,Fitness centre manager,122790$,1514849$
236,Shawn,Hess,80,United Kingdom,False,Air traffic controller,150735$,1194312$
237,Michelle,Hart,56,Germany,True,Software engineer,111688$,1020852$
238,Joel,Stone,41,France,False,Restaurant manager,112116$,2872263$
239,Cindy,Sanders,73,Germany,True,Heritage manager,73091$,723528$
240,Andrew,Powell,33,France,True,"Embryologist, clinical",71903$,1875490$
241,Jorge,Cooper,51,Germany,False,Accommodation manager,82332$,1701342$
242,Donald,Lam,34,Germany,False,Chartered management accountant,105574$,2006660$
243,Tyler,Parker,42,Spain,True,Research scientist (medical),96369$,2720350$
244,Christopher,Fields,80,Spain,True,Chartered accountant,70854$,2062675$
245,Matthew,Malone,67,Spain,False,Tax adviser,67890$,1820640$
246,Ashley,Johnson,35,Italy,True,Teaching laboratory technician,107632$,1020768$
247,Melissa,Brooks,51,Germany,True,Records manager,66621$,2211325$
248,Tammy,Collier,57,United Kingdom,True,Chiropodist,91510$,930501$
249,Heather,Rose,48,Spain,False,Computer games developer,79338$,966456$
253,Michael,Bennett,47,Poland,False,Sports development officer,103305$,730935$
254,Robert,Luna,24,United Kingdom,False,Quality manager,67343$,1730396$
255,Steven,Rojas,30,Germany,False,Youth worker,98813$,1142752$
256,Bryan,Stafford,73,Spain,False,Sports coach,61074$,2183689$
257,Barbara,Reed,65,Spain,True,Mudlogger,98897$,1428768$
258,Anthony,Tate,72,Germany,True,"Teacher, English as a foreign language",82559$,1733788$
259,Diane,Shannon,61,France,True,"Research officer, government",95517$,442446$
260,Justin,Powers,31,Germany,True,Community development worker,95089$,1534592$
261,Ashley,Parker,75,France,True,Forensic psychologist,62812$,1862322$
262,Sandy,Kramer,71,Spain,False,Horticultural therapist,89484$,1317610$
263,Savannah,King,39,France,False,"Therapist, music",50953$,1919649$
264,Kimberly,Hooper,46,Italy,True,Archivist,114195$,922840$
265,Cathy,Erickson,66,Spain,False,Metallurgist,86055$,1164878$
266,Brenda,Herrera,42,United Kingdom,False,"Administrator, Civil Service",93534$,1465500$
267,Ashley,Smith,60,Poland,True,Architect,93294$,1855500$
268,Kelly,Salazar,54,United Kingdom,False,Aid worker,77886$,891880$
269,Natasha,Erickson,31,United Kingdom,True,"Psychologist, forensic",76067$,1363474$
270,Brandon,Lyons,31,Poland,False,Podiatrist,55017$,2181850$
271,Joseph,Stephenson,75,Italy,False,Audiological scientist,102522$,823500$
272,William,Ali,59,France,False,Marketing executive,98372$,2225356$
273,Lisa,Short,29,Spain,True,Newspaper journalist,120732$,1077370$
274,Bethany,Juarez,79,Germany,True,Operations geologist,94205$,1617450$
275,Caroline,Brown,29,Poland,True,Radiation protection practitioner,105046$,565579$
276,Daniel,Sexton,42,Poland,False,Tourist information centre manager,102568$,220969$
277,Andrea,Frey,79,Italy,True,"Surveyor, building",94706$,1167678$
278,Leonard,Freeman,35,Germany,False,Dramatherapist,132163$,1295712$
279,Mary,Hernandez,77,France,False,Adult guidance worker,59940$,2003298$
280,Karen,Sheppard,71,Spain,False,Writer,97345$,420445$
281,Aaron,Diaz,74,Spain,True,"Engineer, agricultural",86120$,1390028$
282,Andrea,Braun,32,Spain,True,Theatre director,89773$,1585968$
283,Chad,Carter,20,Italy,True,Ship broker,119495$,1317058$
284,Carolyn,Campbell,38,Italy,True,Publishing rights manager,105931$,767043$
285,Deborah,Ramsey,47,Spain,True,Adult nurse,106617$,2031858$
286,Katherine,Hunt,79,United Kingdom,False,Structural engineer,92164$,2210620$
287,Cynthia,Garrison,66,Germany,False,"Exhibitions officer, museum/gallery",52336$,1027272$
288,Alejandra,Harper,56,United Kingdom,True,unemployed,106476$,1048660$
289,Jessica,Freeman,29,Poland,True,Copy,106358$,1622775$
290,Kenneth,Lewis,37,United Kingdom,True,"Sales professional, IT",111605$,2310180$
291,Elizabeth,Taylor,51,Germany,False,Photographer,92739$,2250885$
292,Nicholas,George,52,Germany,True,Ship broker,65575$,1917050$
293,Lisa,Cole,26,United Kingdom,True,Medical illustrator,121138$,1881361$
294,Stephanie,Griffith,37,Germany,True,Barrister,93623$,585820$
295,Alan,Simon,28,Italy,True,Chief Operating Officer,79228$,1790130$
296,Katie,Wiley,22,Germany,True,Warden/ranger,91898$,1028945$
297,Paul,Palmer,52,Germany,False,Health service manager,79407$,2058700$
298,Alexis,Brown,21,United Kingdom,True,Arboriculturist,110039$,503430$
299,Rachael,Stark,34,Germany,True,Physiotherapist,75684$,708273$
300,Holly,Gutierrez,49,Poland,False,Product designer,79773$,1780728$
301,Damon,Cobb,38,Germany,True,Structural engineer,79915$,1457742$
302,Charles,Ramirez,30,Germany,False,Merchant navy officer,96619$,1039088$
303,Joseph,Hutchinson,65,United Kingdom,False,"Designer, exhibition/display",77903$,1072620$
304,John,Mann,34,Poland,True,Tax adviser,67035$,1140496$
305,Jonathan,Mendez,34,Spain,True,Dealer,84869$,270910$
306,Michelle,Houston,50,France,True,unemployed,51824$,416585$
307,Michael,Hill,60,Poland,True,Web designer,97414$,1085520$
308,Timothy,Murphy,33,Spain,True,"Engineer, maintenance",101409$,1982480$
309,Marcus,Odonnell,25,Spain,True,Media planner,99657$,1167948$
310,Juan,Martinez,20,Poland,True,Retail merchandiser,62217$,2927544$
311,Ruben,Miller,78,Spain,False,Electronics engineer,73775$,546543$
312,Douglas,Williams,52,France,False,"Psychotherapist, child",50410$,1129634$
313,Teresa,Arellano,20,France,True,Cabin crew,126792$,1769926$
314,Michael,Evans,27,United Kingdom,True,"Surveyor, commercial/residential",127786$,2199906$
315,Karen,Graham,79,Spain,False,Tour manager,81716$,677346$
316,Mark,Watkins,37,Germany,False,Academic librarian,98177$,1832355$
317,Bruce,Flores,55,Poland,True,Herbalist,129416$,865480$
318,Gregory,Allen,57,Italy,True,Museum/gallery conservator,112515$,1341743$
319,Julie,Bowen,24,Germany,True,"Scientist, physiological",42366$,1640322$
320,Laurie,Carson,34,France,True,"Accountant, chartered certified",91076$,2617745$
321,Nicole,Parker,23,Italy,True,Hospital doctor,108153$,1625895$
322,Justin,Friedman,74,Poland,True,"Lecturer, higher education",119170$,2255851$
323,Richard,Wright,66,United Kingdom,True,unemployed,99102$,1913328$
324,Michelle,Young,31,Italy,True,Electrical engineer,105553$,1214619$
325,Deborah,Mason,66,Spain,True,Biomedical engineer,81465$,859401$
326,Timothy,Guerrero,37,Italy,True,Chartered public finance accountant,121839$,1028692$
327,Mark,Proctor,43,France,False,Ranger/warden,157878$,1172448$
328,Julie,Powell,66,United Kingdom,True,"Production designer, theatre/television/film",55588$,1409070$
329,Ashley,Anderson,62,United Kingdom,False,Media planner,134078$,535440$
330,Abigail,Melton,29,France,True,Musician,75637$,539392$
331,Samantha,Jordan,27,Germany,True,Retail banker,68253$,1486005$
332,Hannah,Matthews,52,Italy,True,Social worker,113764$,789992$
333,Tami,Robinson,34,Spain,False,Printmaker,95988$,2154150$
334,Robert,Arnold,48,Italy,True,Research scientist (maths),79519$,344656$
335,Christopher,Smith,25,United Kingdom,False,Logistics and distribution manager,109985$,2532816$
336,David,Baker,19,Germany,False,Chief Strategy Officer,101634$,1554315$
337,Marvin,Lang,37,Poland,True,Automotive engineer,57799$,1034660$
338,Kelly,Mueller,75,France,False,Industrial/product designer,121313$,874280$
339,Matthew,Russell,75,United Kingdom,True,"Research officer, political party",58844$,1639130$
340,Danielle,Wolfe,19,Spain,False,"Scientist, water quality",117665$,2216750$
341,Jack,Stafford,70,Poland,True,Sport and exercise psychologist,93167$,1410762$
342,Robert,Rowe,28,Italy,False,Risk analyst,115999$,511260$
343,Kendra,Young,54,Germany,True,"Administrator, arts",90390$,1328635$
344,Jo,Fields,54,France,False,Hydrogeologist,89233$,2197650$
345,Scott,Jones,43,Poland,False,Chief Strategy Officer,115902$,973440$
346,Molly,Williams,72,France,True,"Biochemist, clinical",102283$,877576$
347,David,Moore,70,United Kingdom,False,Commercial art gallery manager,103991$,1686800$
348,Jonathan,Davis,52,United Kingdom,True,Environmental consultant,108601$,824630$
349,Sheri,Burgess,50,Poland,False,Arboriculturist,91171$,1154928$
350,Mathew,Vincent,31,Spain,True,Dentist,104772$,1020950$
351,Pamela,Johnson,32,Germany,True,Optometrist,121011$,1037592$
352,Carol,Wolf,67,Poland,False,Waste management officer,100506$,2535830$
353,Felicia,Christensen,52,France,False,Site engineer,56364$,1366100$
354,Amber,Bates,60,United Kingdom,True,"Scientist, research (maths)",68777$,1337778$
355,Amy,Hall,63,Poland,False,Data scientist,65506$,865898$
356,Christine,Avila,55,Germany,True,Accommodation manager,45146$,1932924$
357,Samantha,Adams,49,United Kingdom,False,"Research officer, trade union",104088$,1676202$
358,Angela,Smith,74,United Kingdom,True,Film/video editor,52205$,1413828$
359,Candice,Riddle,60,Spain,False,IT consultant,76605$,462655$
360,Erin,Turner,24,Poland,False,unemployed,54576$,2934312$
361,Melinda,Thomas,29,France,True,Museum education officer,63877$,1325828$
362,Melinda,Sanchez,46,Germany,True,Building services engineer,83920$,1980280$
363,Bonnie,Burnett,55,Poland,False,Clinical biochemist,121356$,1667880$
364,Christine,Moore,63,Poland,True,Electrical engineer,102953$,739048$
365,Michael,Mccullough,63,Poland,False,Financial controller,103456$,1584681$
366,Tyler,Osborne,29,Germany,True,Cytogeneticist,130153$,712250$
367,Jessica,Johnson,41,Spain,True,Product designer,83600$,2013558$
368,Tiffany,Harris,58,Spain,True,Financial trader,118985$,1492368$
369,Richard,Reed,49,United Kingdom,True,Administrator,77152$,742840$
370,William,Carpenter,25,Italy,True,Hotel manager,73585$,1674883$
371,Robert,Morgan,26,Italy,False,Dramatherapist,52421$,872560$
372,Mariah,Lin,56,Poland,True,Clinical cytogeneticist,90209$,1361416$
373,Jeffery,Hicks,79,Germany,True,Energy engineer,62665$,2533167$
374,Todd,Johnson,42,United Kingdom,True,"Programmer, applications",61432$,1189552$
375,James,Gross,75,United Kingdom,True,Purchasing manager,97185$,568980$
376,Gary,Logan,62,United Kingdom,True,Lawyer,78785$,2230284$
377,Becky,Wong,57,Germany,False,Financial planner,84526$,818620$
378,Taylor,Combs,38,United Kingdom,True,"Education officer, environmental",95721$,1016868$
379,Melinda,Finley,39,Spain,True,"Therapist, sports",92772$,1642835$
380,Brandon,Frank,63,Italy,False,Visual merchandiser,72858$,2267100$
381,Tami,Newton,26,Italy,True,Statistician,87139$,446940$
382,Michelle,Thomas,42,Italy,False,Chief Operating Officer,101221$,679032$
383,Victor,Lucas,52,Germany,False,Systems developer,64338$,1313634$
384,Timothy,Garcia,41,Poland,True,Accommodation manager,58795$,684378$
385,Brandon,Stone,73,Italy,True,"Buyer, industrial",125403$,1372631$
386,Mary,French,79,Italy,True,"Scientist, research (physical sciences)",132198$,1085580$
387,Joseph,Franco,26,Poland,False,"Engineer, drilling",102613$,870066$
388,Melissa,Smith,39,United Kingdom,True,Lobbyist,138191$,728596$
389,Nancy,Rogers,47,Germany,True,"Psychologist, sport and exercise",84854$,2132109$
390,Justin,Ford,55,Spain,True,Estate agent,75621$,627480$
391,Angelica,Galvan,34,Poland,False,Operational researcher,84787$,1633104$
392,Brandon,Coleman,49,United Kingdom,False,"Librarian, academic",122251$,535430$
393,Cody,Young,75,Italy,False,Air cabin crew,99901$,1464084$
394,William,Johnston,32,France,True,Colour technologist,87792$,1641625$
395,Patricia,Washington,38,Germany,True,"Accountant, chartered certified",137136$,2126608$
396,Lori,Moody,60,Spain,True,"Education officer, museum",59040$,809568$
397,Shelia,Pacheco,35,France,False,Financial trader,101247$,1052970$
398,Leah,Holland,40,France,True,Lawyer,98761$,1052964$
399,Heather,Kennedy,38,France,False,Magazine features editor,105198$,1386238$
400,Christopher,Wilson,31,Spain,True,Higher education careers adviser,79486$,2001050$
401,Maureen,Underwood,40,Germany,True,Broadcast engineer,71229$,2302425$
402,Jessica,Campos,60,United Kingdom,True,Magazine features editor,68289$,337340$
403,Kelly,Rhodes,52,Germany,True,"Engineer, building services",78074$,1643679$
404,Suzanne,Fowler,70,France,False,"Administrator, local government",80323$,1011231$
405,Kellie,Lopez,57,United Kingdom,True,"Engineer, structural",63326$,1047234$
406,Marco,Warren,23,United Kingdom,True,"Therapist, speech and language",78496$,1916546$
407,Michael,Bell,68,United Kingdom,False,Social researcher,109962$,1244633$
408,Omar,Church,48,Spain,False,Broadcast presenter,57052$,1169440$
409,Sarah,Johnson,33,Spain,True,Lobbyist,64657$,3103775$
410,Donald,Ramirez,75,Spain,False,Pharmacologist,102698$,529068$
411,Robert,Daniels,46,United Kingdom,False,Fish farm manager,108028$,542718$
412,Peggy,Williams,75,Spain,True,Social worker,84009$,3438350$
413,Elizabeth,Smith,69,France,True,Landscape architect,66610$,1528368$
414,Regina,Ali,33,Poland,True,Cabin crew,113864$,1839816$
415,Darren,Barnes,52,Italy,True,Advertising copywriter,84771$,681422$
416,George,Holt,42,Spain,True,Geophysical data processor,61086$,1142025$
417,Timothy,Harvey,60,France,False,Quantity surveyor,89305$,1812096$
418,Keith,Johnson,55,Italy,True,Catering manager,102236$,2640875$
419,Dawn,Ritter,73,Poland,False,Actuary,110605$,1591687$
420,Gina,Hernandez,77,Spain,True,"Designer, textile",150899$,802550$
421,Sherry,Daniel,24,Spain,False,Theatre stage manager,101166$,523232$
422,Melissa,Levy,19,France,True,Dramatherapist,70579$,1079960$
423,Jennifer,Vasquez,45,Italy,True,"Engineer, site",46063$,1658664$
424,Kevin,Anderson,65,Spain,True,Statistician,115522$,909472$
425,Dennis,Robinson,68,Italy,False,Firefighter,99386$,2267738$
426,Rachel,Norris,49,United Kingdom,True,Merchant navy officer,53624$,452280$
427,Jessica,Cox,44,United Kingdom,False,Musician,101030$,997906$
428,Michael,Richardson,30,France,False,"Engineer, agricultural",87821$,1950224$
429,Dustin,Forbes,30,France,True,"Administrator, education",130282$,911070$
430,John,Griffin,51,Spain,True,"Restaurant manager, fast food",82231$,1034523$
431,Matthew,Duncan,19,France,True,Race relations officer,86450$,488600$
432,Kimberly,Cooper,54,Spain,False,Oncologist,96430$,1021302$
433,James,Torres,23,Spain,True,Phytotherapist,102166$,2493656$
434,Mary,Zuniga,67,France,False,Music therapist,57039$,1494288$
435,Christopher,Herrera,74,Italy,True,Museum/gallery conservator,70499$,2206494$
436,Deanna,Garrett,75,Poland,True,Neurosurgeon,57665$,1512990$
437,Toni,Grant,38,Germany,True,Surgeon,87523$,514703$
438,Joseph,Cobb,29,Poland,False,Podiatrist,95949$,1748739$
439,Todd,Hudson,37,Spain,True,Hydrographic surveyor,115662$,612255$
440,Stephanie,Nunez,26,Spain,True,Amenity horticulturist,69717$,871830$
441,David,Gomez,55,Poland,False,Consulting civil engineer,108710$,675966$
442,Michael,Garcia,42,Spain,False,Special educational needs teacher,78817$,2960376$
443,Amy,Warren,50,United Kingdom,True,Mining engineer,64801$,2545825$
444,Janet,Estrada,37,United Kingdom,True,Ceramics designer,55050$,1306630$
445,Sarah,Guerrero,65,Poland,False,"Scientist, marine",128407$,968590$
446,Bryan,Steele,56,Poland,True,"Psychologist, educational",93810$,1393154$
447,Sarah,Hale,27,United Kingdom,False,Location manager,97028$,2971656$
448,Zachary,Boone,19,Spain,True,unemployed,63043$,1310380$
449,Kendra,Myers,37,Germany,True,"Surveyor, hydrographic",54317$,1661024$
450,Rebecca,Parker,57,Germany,True,"Conservator, furniture",89755$,754816$
451,Patricia,Jensen,42,United Kingdom,False,Biomedical scientist,111586$,604725$
452,Timothy,Gibson,79,Germany,True,"Accountant, chartered",60247$,1402488$
453,Joanne,Smith,76,Germany,True,IT sales professional,65956$,2602392$
454,Christopher,Diaz,19,Spain,False,Technical brewer,90177$,2033766$
455,Michael,Walker,57,United Kingdom,False,"Administrator, arts",63631$,804464$
456,Crystal,Wallace,49,United Kingdom,True,"Engineer, maintenance (IT)",104845$,820631$
457,Tony,Garcia,70,Italy,True,"Psychologist, sport and exercise",110720$,969930$
458,Sherry,Lopez,33,Spain,True,Biomedical scientist,94126$,376542$
459,Jose,Ryan,46,Italy,True,"Engineer, building services",85902$,1033056$
460,Jacob,Golden,31,United Kingdom,False,Event organiser,91416$,1684800$
461,Andrew,Hernandez,67,Poland,True,"Nurse, children's",95081$,939367$
462,Brian,Carroll,65,Spain,True,Armed forces logistics/support/administrative officer,86272$,2138701$
463,Jason,Strickland,25,France,True,Osteopath,126414$,998760$
464,Andrew,Ross,36,Italy,False,Industrial/product designer,64485$,1393262$
465,Christopher,Schultz,66,Italy,False,Ophthalmologist,88781$,1366656$
466,Linda,Davis,64,Poland,True,Chartered management accountant,53582$,1587240$
467,Julia,Carlson,59,Spain,True,Freight forwarder,71718$,168765$
468,Ronnie,Dennis,65,Germany,False,Quantity surveyor,90992$,1309373$
469,Jacob,Durham,76,United Kingdom,False,Broadcast presenter,68150$,2265606$
470,Stanley,Davis,68,Poland,True,Community arts worker,88537$,1479136$
471,Kelly,Wilson,23,Poland,True,"Designer, jewellery",77507$,1324080$
472,Lauren,Lopez,66,France,True,unemployed,99862$,940852$
473,Frank,Price,60,Germany,True,Music therapist,116366$,1710556$
474,Lisa,Robinson,74,Italy,True,Chemical engineer,95584$,2312560$
475,Jeff,Fox,38,Spain,True,IT technical support officer,51274$,1295406$
476,Donald,Hester,49,Spain,True,Charity officer,107006$,2067350$
477,Andrea,Moran,66,Italy,True,Ophthalmologist,124081$,1485021$
478,Amanda,Martin,40,France,False,Mudlogger,104289$,722120$
479,Hannah,Moody,32,Spain,True,unemployed,115293$,1730460$
480,Lisa,Clay,34,United Kingdom,True,"Geologist, wellsite",96373$,1191624$
481,Richard,Flores,50,France,True,Make,141308$,1474788$
482,Andrew,Garcia,28,Poland,False,Medical laboratory scientific officer,104689$,1404400$
483,Steven,Mcbride,58,France,False,Insurance underwriter,101835$,1660662$
484,Gregory,Zimmerman,43,United Kingdom,False,Higher education careers adviser,74687$,948255$
485,Deborah,Solis,77,Germany,False,Furniture designer,108680$,1280412$
486,Charles,Harris,44,France,True,"Education officer, community",80231$,1040925$
487,Christina,Nelson,26,France,True,Data scientist,80325$,2877227$
488,Matthew,Hensley,30,Germany,True,"Production assistant, television",63748$,748660$
489,Martha,Baker,23,United Kingdom,True,"Education officer, environmental",78495$,898106$
490,Natasha,Calderon,78,Spain,False,Early years teacher,120847$,1921742$
491,Brittney,Mccormick,64,Italy,True,Actor,100122$,761076$
492,Jeffrey,Perry,74,Germany,True,unemployed,89118$,822444$
493,Angel,Ayers,19,United Kingdom,True,Health and safety adviser,80797$,493974$
494,Erica,Hammond,38,Poland,False,Broadcast journalist,102396$,1451265$
495,Misty,Walsh,46,Poland,True,Recycling officer,54888$,822430$
496,Anna,Dickerson,46,Spain,True,Health service manager,114557$,977436$
497,Dale,Howard,21,Spain,False,Animator,76037$,632045$
498,Ana,Ramirez,27,Italy,True,"Conservation officer, nature",83050$,1351480$
499,Eugene,Hernandez,79,United Kingdom,True,"Programme researcher, broadcasting/film/video",62915$,1341525$
500,Robert,Ryan,75,Poland,True,"Civil engineer, consulting",110246$,2128056$
501,Lindsey,Vazquez,34,United Kingdom,False,"Programme researcher, broadcasting/film/video",87028$,1955112$
502,Lisa,White,26,United Kingdom,False,"Physicist, medical",55385$,1826944$
503,Misty,Russell,58,United Kingdom,True,"Sales professional, IT",75461$,506835$
504,Jessica,Powers,39,Germany,False,Catering manager,73985$,917686$
505,Deanna,Gardner,46,Poland,True,Environmental health practitioner,78629$,1622358$
506,Bonnie,Rivera,34,Germany,True,Homeopath,73112$,1024956$
507,John,Fisher,37,France,False,"Conservation officer, historic buildings",65008$,1529220$
508,Colleen,Young,73,Germany,True,General practice doctor,71048$,527826$
509,Sydney,Olson,22,Germany,True,Research scientist (life sciences),118949$,1848280$
510,Christian,Brown,80,France,True,Operational researcher,42885$,1890620$
511,Randall,Mccarty,34,United Kingdom,False,Technical author,83609$,1601928$
512,Katherine,Padilla,23,Italy,True,Best boy,86434$,2196600$
513,Ryan,Dawson,76,Italy,True,Patent attorney,84363$,866670$
514,Christopher,Hardin,29,Italy,True,unemployed,64784$,1615350$
515,Jose,Hall,76,Italy,True,Optometrist,81395$,1319197$
516,Allen,Jordan,72,Germany,True,"Designer, textile",80310$,1115224$
517,Margaret,Byrd,41,United Kingdom,False,Chiropodist,83729$,465857$
518,Michelle,Baker,32,Poland,True,Agricultural engineer,58741$,1543032$
519,James,Dougherty,75,Germany,False,Outdoor activities/education manager,71362$,1476661$
520,Keith,Walter,47,Poland,True,Aid worker,111863$,1119939$
521,Crystal,Johnson,71,Poland,True,Video editor,97024$,2573750$
522,Daniel,Vargas,71,Germany,True,Futures trader,62676$,2351040$
523,Ashley,Martin,57,Poland,False,Restaurant manager,67242$,1097085$
524,Maria,White,68,Germany,True,"Lecturer, further education",115395$,2493446$
525,Larry,Nichols,30,United Kingdom,False,Horticultural consultant,94854$,1513548$
526,Elizabeth,Sanford,29,Italy,False,Archivist,89190$,1058856$
527,Julia,Russell,71,United Kingdom,False,Public affairs consultant,54922$,752240$
528,Elizabeth,Lopez,44,France,False,Research scientist (maths),100606$,2733900$
529,Brian,Thornton,63,Spain,False,Art gallery manager,111599$,1823602$
530,Stephen,Jacobs,29,Italy,True,Food technologist,114621$,578691$
531,Joshua,Chavez,53,France,True,Clinical biochemist,131895$,1334294$
532,Stephanie,Baker,31,Poland,False,Diplomatic Services operational officer,101867$,1852840$
533,Mark,Lewis,63,Spain,False,"Psychologist, forensic",67004$,566826$
534,Jerry,Walters,34,Poland,True,"Scientist, marine",79422$,833250$
535,Kimberly,Edwards,32,Spain,False,Volunteer coordinator,65264$,913200$
536,Beverly,Taylor,21,United Kingdom,False,Biomedical scientist,115486$,885192$
537,Lisa,Reynolds,62,Poland,True,Financial trader,83322$,1274895$
538,Carl,Hicks,19,France,True,Airline pilot,105328$,698112$
539,Michael,Burton,39,Italy,False,Best boy,91539$,1583140$
540,Nathaniel,Walker,26,Germany,False,Chartered legal executive (England and Wales),51237$,641580$
541,Cory,Anderson,53,France,True,Interior and spatial designer,101543$,361120$
542,Marco,Brooks,49,Poland,False,Chief of Staff,73242$,1331918$
543,Donna,Atkins,74,Poland,True,"Therapist, nutritional",66312$,1723446$
544,Blake,Wilson,61,Spain,True,Politician's assistant,74741$,1374612$
545,Christina,Bauer,61,Germany,True,Sports administrator,89295$,1683172$
546,John,Mcintosh,73,France,True,"Teacher, early years/pre",78921$,1115053$
547,Courtney,Gross,48,France,True,Photographer,108511$,710048$
548,Anna,Guerrero,24,Spain,False,"Runner, broadcasting/film/video",114300$,815310$
549,Cynthia,Johnson,58,Poland,True,"Teacher, English as a foreign language",105877$,488448$
550,John,Gallagher,55,Poland,True,Stage manager,73634$,1141558$
551,Ethan,Gardner,35,Italy,False,Multimedia specialist,88528$,1207116$
552,Cynthia,Hess,76,Spain,False,Ambulance person,98310$,558530$
553,Lisa,Warren,32,Italy,False,"Teacher, music",95789$,1208830$
554,Holly,Rios,54,Spain,True,Fisheries officer,75374$,1532076$
555,Douglas,Wells,45,France,True,Early years teacher,48639$,2939952$
556,Richard,Brown,73,Spain,True,"Designer, interior/spatial",85518$,1919826$
557,William,Davis,26,Italy,True,Mechanical engineer,128536$,2535025$
558,Steven,Oliver,57,Italy,False,Financial adviser,61109$,2197380$
559,Michael,Dominguez,30,United Kingdom,True,"Psychologist, educational",57565$,1590768$
560,Lisa,Myers,24,France,False,Nature conservation officer,110313$,2046356$
561,Heather,Long,24,Spain,True,Press sub,70200$,1007630$
562,Lindsey,Rhodes,21,United Kingdom,False,Publishing copy,91954$,2325391$
563,Julie,Martinez,43,United Kingdom,True,Building surveyor,101665$,2105627$
564,Shannon,Garner,53,France,True,Advertising account planner,82198$,408210$
565,Abigail,Hill,43,France,True,"Civil engineer, consulting",100129$,968424$
566,Judy,Hansen,24,Italy,False,Wellsite geologist,93582$,1695807$
567,Richard,Smith,49,Spain,True,Museum/gallery curator,98192$,1258660$
568,Duane,Garcia,27,Spain,True,unemployed,94361$,1641401$
569,Alec,Garcia,44,Poland,False,Landscape architect,66005$,831080$
570,Nancy,Roberts,34,Germany,True,Volunteer coordinator,18094$,1050318$
571,Rodney,Young,59,United Kingdom,True,Contractor,131103$,1457872$
572,John,Reed,33,United Kingdom,False,Occupational therapist,73393$,1790180$
573,Pamela,Hale,26,France,False,Colour technologist,92352$,1940160$
574,Laurie,Johnson,29,Italy,False,Midwife,63196$,777432$
575,Andrew,Smith,47,Spain,True,Legal secretary,112242$,2099200$
576,Amanda,Lloyd,59,Italy,False,Chiropodist,68059$,2037640$
577,Alicia,Valenzuela,73,France,True,Chief Strategy Officer,80083$,1096898$
578,Roger,Perkins,43,United Kingdom,False,"Engineer, communications",98584$,495270$
579,Sara,Burke,37,Poland,True,Electronics engineer,100362$,870584$
580,Angelica,Gilbert,21,United Kingdom,False,"Engineer, land",71609$,2125454$
581,Tammie,Duffy,75,Spain,True,Retail manager,75633$,2286672$
582,Amy,Taylor,58,Italy,False,Nature conservation officer,83650$,949424$
583,Ruben,Sutton,25,Poland,True,Garment/textile technologist,84975$,424200$
584,Jorge,Cohen,35,United Kingdom,True,"Development worker, community",70778$,1667175$
585,Daniel,Miller,20,Italy,True,"Engineer, communications",93455$,2514168$
586,Nicole,Berry,47,Italy,False,Occupational therapist,104880$,785532$
587,Tammy,Wright,75,Spain,True,"Designer, multimedia",127459$,1153230$
588,Matthew,Lucas,26,France,True,Firefighter,35808$,1316322$
589,Mark,Zimmerman,48,France,True,Herpetologist,119836$,905648$
590,Heather,Gilbert,71,France,True,"Therapist, drama",105779$,1233115$
591,Teresa,Anderson,27,Poland,True,Translator,68934$,1763275$
592,Dillon,Rhodes,70,Germany,True,Naval architect,66982$,662067$
593,David,Kim,21,Spain,True,Music therapist,68760$,845968$
594,Michael,Rodriguez,55,United Kingdom,False,Theatre director,70271$,1414853$
595,Alexander,Jackson,74,United Kingdom,True,Music therapist,87531$,1467975$
596,Julie,Rich,33,Italy,False,"Administrator, local government",72817$,1967250$
597,Diana,Stewart,57,United Kingdom,True,Leisure centre manager,87718$,1699920$
598,Victoria,Espinoza,79,Italy,False,"Accountant, chartered management",64351$,997469$
599,Leslie,Molina,35,Poland,True,Biomedical scientist,81521$,1335760$
600,Frederick,Clark,62,Germany,True,Catering manager,100703$,1009385$
601,James,Miles,46,Poland,True,Chartered certified accountant,96036$,1477188$
602,Greg,Garcia,65,Germany,True,Clinical molecular geneticist,75445$,585828$
603,Cassandra,Owen,74,Italy,False,"Accountant, chartered public finance",100652$,1262196$
604,Donna,Pope,40,Germany,False,Operational investment banker,85380$,2158820$
605,Vincent,Guerra,42,Italy,True,Chartered certified accountant,99240$,1002192$
606,Adam,Colon,42,Germany,True,Retail merchandiser,114612$,870507$
607,Lisa,Singleton,19,Poland,False,"Engineer, building services",113242$,1324188$
608,Cynthia,Barajas,47,United Kingdom,True,Psychiatric nurse,109651$,481758$
609,Alexandra,Barnes,27,Germany,True,Firefighter,89954$,1055175$
610,Caroline,Bernard,47,United Kingdom,True,Furniture designer,113575$,933867$
611,Veronica,Lynch,73,Spain,True,Chiropodist,97229$,2084150$
612,Brian,Rodriguez,47,France,False,"Therapist, occupational",74982$,550805$
613,Juan,Brown,20,Italy,True,Health physicist,92738$,1393473$
614,Stephanie,Nunez,37,Spain,False,"Scientist, research (life sciences)",80817$,637660$
615,Michael,Lloyd,58,United Kingdom,False,Training and development officer,102051$,503435$
616,David,Contreras,44,Poland,False,Technical sales engineer,77962$,970875$
617,Danny,Nelson,31,United Kingdom,True,Careers adviser,79336$,1195992$
618,Tracy,Fox,19,United Kingdom,True,Risk manager,109825$,1473237$
619,Christy,Lee,60,Spain,True,"Secretary, company",106507$,428202$
620,Samantha,Moore,78,Italy,True,Environmental manager,98266$,2206304$
621,Brett,Mcconnell,47,United Kingdom,True,Hospital pharmacist,52851$,617975$
622,Wendy,Cooper,51,Italy,True,"Psychologist, forensic",94670$,807500$
623,Heather,Browning,74,United Kingdom,True,Quality manager,78105$,2105158$
624,Michael,Kelly,49,Poland,False,Newspaper journalist,64843$,1688922$
625,Tyrone,Turner,57,Poland,False,Firefighter,90128$,1482080$
626,Patricia,Smith,74,United Kingdom,False,Amenity horticulturist,122848$,390440$
627,Charles,Anderson,66,Poland,False,Clinical molecular geneticist,101604$,2261952$
628,Michael,Castillo,40,United Kingdom,False,"Surveyor, minerals",75419$,1289244$
629,Edward,Hutchinson,32,Germany,True,Regulatory affairs officer,110450$,548025$
630,Michelle,Maxwell,24,France,False,"Surveyor, land/geomatics",67555$,867924$
631,Jose,Cook,42,Spain,True,Pathologist,75071$,1031371$
632,Michael,Shannon,80,United Kingdom,True,Systems developer,83730$,859476$
633,Christopher,Estes,67,Spain,False,Television camera operator,86807$,2087740$
634,Cody,Romero,61,Spain,True,"Development worker, community",84501$,326928$
635,Dominic,Fox,73,United Kingdom,False,Airline pilot,76638$,1086315$
636,Alexander,Fox,73,Italy,True,"Scientist, physiological",78320$,1414218$
637,Kristin,Parker,66,Italy,True,"Engineer, technical sales",124128$,1130304$
638,Joshua,Owen,73,Germany,True,"Therapist, sports",102221$,1363432$
639,Benjamin,Richardson,66,United Kingdom,False,Chartered legal executive (England and Wales),122925$,315845$
640,Jamie,Mccann,30,Spain,False,"Nurse, learning disability",95802$,1178877$
641,Thomas,Turner,67,United Kingdom,True,Mechanical engineer,56760$,1167265$
642,Stacy,Young,80,Spain,True,Heritage manager,73612$,1010568$
643,Daniel,Jones,23,Poland,True,English as a foreign language teacher,92489$,972800$
644,Sara,Randolph,29,Italy,False,"Horticulturist, commercial",87835$,1101330$
645,Cynthia,Summers,26,Spain,False,"Engineer, biomedical",120858$,924210$
646,Brian,Wilson,32,Italy,True,"Production assistant, radio",116002$,561876$
647,Monica,Lam,28,Italy,False,Furniture designer,105801$,1207965$
648,Timothy,Trevino,68,France,True,Forensic scientist,132431$,1681380$
649,Amber,Marks,74,Spain,False,Physiological scientist,109408$,1404108$
650,Erin,Graves,27,Poland,True,"Buyer, retail",97020$,1976976$
651,Jennifer,Mays,62,Germany,False,Financial planner,60817$,441850$
652,Troy,Johnson,56,Germany,True,"Pharmacist, hospital",93884$,1429410$
653,Kenneth,Bell,42,Italy,True,Ophthalmologist,82965$,486475$
654,Jason,Pratt,34,Italy,False,Waste management officer,81993$,2075256$
655,Cory,Smith,73,Germany,True,Homeopath,89684$,1006797$
656,Norman,Walker,43,United Kingdom,False,Contracting civil engineer,96968$,1968472$
657,Brenda,Howard,50,France,False,Accommodation manager,96333$,306460$
658,Pamela,Brown,31,Germany,False,Ceramics designer,89504$,3154030$
659,Leslie,Adams,42,France,True,Ship broker,74459$,1125675$
660,Timothy,Swanson,47,United Kingdom,True,Restaurant manager,143493$,1160445$
661,Jason,Lewis,27,Spain,True,Legal executive,55667$,555678$
662,Steven,Davis,41,Spain,False,Landscape architect,89040$,1932525$
663,Michael,Moyer,57,France,True,Armed forces logistics/support/administrative officer,100101$,843430$
664,Angel,Moss,67,Germany,True,Camera operator,82748$,1523480$
665,Ana,Allison,54,Spain,True,Psychiatric nurse,98409$,801878$
666,Levi,Strickland,73,France,False,Contractor,70814$,1254150$
667,Derrick,Garcia,23,Spain,True,"Solicitor, Scotland",71716$,936738$
668,Roy,Bauer,70,France,True,Customer service manager,59447$,1084230$
669,Lori,Stevenson,63,France,True,Archaeologist,78079$,2861250$
670,Martin,Walker,63,France,True,Forensic scientist,97226$,1985571$
671,Karl,White,64,Spain,True,Technical brewer,112760$,2119572$
672,Jeffrey,Potter,57,Spain,False,Chemical engineer,111624$,1316420$
673,Karen,Moore,77,Germany,True,Clinical embryologist,97171$,1659114$
674,Caitlin,Goodwin,22,Italy,True,Minerals surveyor,139638$,1886115$
675,Micheal,Blair,52,Italy,False,Garment/textile technologist,87924$,1299840$
676,Nicholas,Tran,80,Spain,False,unemployed,75857$,1683726$
677,Carrie,Snyder,59,France,True,Forest/woodland manager,94956$,1185910$
678,Juan,Johnson,73,Poland,False,Soil scientist,75042$,1698905$
679,Gregory,Jordan,75,United Kingdom,True,Insurance broker,80018$,1104800$
680,Mary,Shaw,51,Italy,True,Actor,92395$,1057474$
681,James,Maynard,34,Poland,True,Sales executive,103119$,1401680$
682,Darlene,Jones,49,Germany,False,Special educational needs teacher,90415$,1505008$
683,Christopher,Mcintyre,70,Poland,True,Building control surveyor,125375$,800690$
684,Patricia,Barton,69,United Kingdom,True,General practice doctor,44444$,408010$
685,Katie,Armstrong,38,Italy,True,"Engineer, maintenance",104056$,916110$
686,Rebecca,Cook,64,France,True,"Physicist, medical",93620$,1834866$
687,Amanda,Shaffer,58,United Kingdom,True,Armed forces operational officer,126091$,1186590$
688,Timothy,Goodwin,34,United Kingdom,True,"Teacher, English as a foreign language",100978$,1149874$
689,Cassidy,Mays,76,United Kingdom,False,"Therapist, sports",116108$,2611375$
690,Gregory,Ingram,70,Poland,True,Purchasing manager,92759$,1721517$
691,Bradley,Green,65,Germany,True,Medical laboratory scientific officer,99817$,707676$
692,Jessica,Horne,45,Italy,False,Operational researcher,100658$,1239840$
693,Crystal,Sanders,19,Poland,False,Materials engineer,91071$,491895$
694,Lisa,Decker,66,Germany,True,Insurance underwriter,47638$,1767744$
695,James,Lewis,66,Spain,True,Sales promotion account executive,95130$,695023$
696,Lisa,Snyder,48,Poland,False,Education administrator,99842$,606960$
697,Amanda,Sanchez,56,Italy,True,Police officer,81786$,691760$
698,Jacob,Gray,32,Spain,True,Commercial horticulturist,60739$,805912$
699,Katelyn,Walters,34,Germany,True,Transport planner,118267$,1483335$
700,Noah,Stout,36,Poland,False,"Engineer, biomedical",104636$,1413588$
701,Allison,Coleman,23,Italy,True,Tour manager,58967$,893794$
702,Alan,Sosa,66,Poland,True,Licensed conveyancer,26457$,2197692$
703,Katie,Patel,69,Italy,False,Chartered certified accountant,107754$,1046100$
704,James,Miller,33,United Kingdom,False,unemployed,118053$,1865180$
705,Pamela,Price,52,Germany,False,Minerals surveyor,71930$,1657236$
706,Lindsey,Hammond,47,Spain,True,Health service manager,112883$,1662224$
707,Michael,Jones,27,Spain,True,"Clinical scientist, histocompatibility and immunogenetics",70196$,1449114$
708,Sandra,Campbell,31,United Kingdom,True,Financial trader,88165$,1247592$
709,Sarah,Strong,47,France,True,Dealer,107209$,868023$
710,Christopher,Leblanc,78,France,True,Best boy,101958$,2269854$
711,Rachel,Brown,21,Germany,False,"Biochemist, clinical",87692$,1458320$
712,Ryan,Graham,19,France,True,Sports coach,75478$,554463$
713,Erin,Evans,54,Germany,False,"Doctor, general practice",88380$,1407540$
714,Susan,Burke,19,Poland,True,Media planner,91605$,246340$
715,William,Castillo,74,Germany,True,Race relations officer,92193$,1536992$
716,Arthur,Bennett,67,United Kingdom,False,"Engineer, manufacturing",65998$,1894025$
717,Christopher,Johnson,64,Spain,True,"Journalist, magazine",59735$,2435180$
718,Hannah,Farmer,41,France,False,Photographer,73042$,2083416$
719,Laura,Gutierrez,66,Poland,False,Energy manager,77941$,711306$
720,Amber,Cook,64,Spain,False,Nature conservation officer,81898$,388020$
721,Allen,Novak,51,Spain,True,"Scientist, clinical (histocompatibility and immunogenetics)",62592$,1622880$
722,Jesse,Hernandez,27,Poland,False,Patent attorney,92068$,1225709$
723,Christopher,Wright,19,Poland,True,"Designer, interior/spatial",110978$,932192$
724,Theresa,Reese,34,United Kingdom,False,Neurosurgeon,92306$,509028$
725,Ann,Beltran,37,France,True,"Secretary, company",101281$,797712$
726,Timothy,Taylor,80,Spain,True,Ophthalmologist,105804$,2014041$
727,Julie,Brooks,75,Poland,False,"Designer, jewellery",87354$,1259118$
728,John,Smith,29,United Kingdom,True,Special educational needs teacher,64680$,1540104$
729,Carol,Baker,37,United Kingdom,True,Architectural technologist,84149$,2223846$
730,Jason,Gomez,29,France,True,Charity officer,62852$,877168$
731,Carrie,Green,69,United Kingdom,True,Chief Technology Officer,113696$,2630184$
732,Sandra,Frye,24,Germany,False,Prison officer,26105$,2164224$
733,Justin,Terry,58,Poland,True,Volunteer coordinator,103636$,1957494$
734,Eric,Kelley,26,France,False,Control and instrumentation engineer,73928$,903604$
735,Lauren,Wilson,78,Germany,True,Control and instrumentation engineer,91436$,467970$
736,Morgan,Zavala,29,Poland,False,Contractor,91067$,2413160$
737,Brittany,Munoz,61,United Kingdom,True,Energy engineer,58003$,2008383$
738,Susan,Evans,26,Poland,True,Oceanographer,97428$,1240187$
739,Derrick,Cook,69,Germany,True,"Surveyor, planning and development",82418$,3360116$
740,Jasmine,Thompson,31,United Kingdom,False,Building services engineer,72883$,889650$
741,Julia,Meyers,31,France,False,"Engineer, mining",105337$,370962$
742,Pamela,Lynn,40,United Kingdom,True,Water engineer,119135$,1915314$
743,Daniel,Mcdonald,66,Poland,True,unemployed,73429$,448686$
744,Sean,Hoffman,45,France,True,"Engineer, civil (consulting)",109488$,2165835$
745,Timothy,Williams,74,United Kingdom,False,"Social research officer, government",94444$,370071$
746,Eric,Estrada,40,Italy,False,Applications developer,100556$,714186$
747,Katherine,Kelly,24,Italy,True,Therapeutic radiographer,107231$,1021815$
748,Monica,Potter,44,Italy,True,unemployed,109029$,2368195$
749,Jason,Rodriguez,55,United Kingdom,True,Chartered legal executive (England and Wales),57649$,542295$
750,Andrew,Morales,61,United Kingdom,True,Building surveyor,59774$,1641626$
751,Marie,Lewis,58,Italy,True,Chemical engineer,101081$,952665$
752,Shannon,Bailey,36,France,True,"Surveyor, building control",99210$,829422$
753,Julie,Mclaughlin,64,Germany,False,"Lecturer, further education",70622$,2107292$
754,Ryan,Lowe,43,France,True,Software engineer,116721$,959180$
755,Brian,Moreno,47,Italy,True,Advertising account executive,112233$,1170320$
756,Robin,Watts,43,Spain,False,"Education officer, community",56498$,850184$
757,Daniel,Murphy,77,Germany,False,Adult nurse,71483$,1961256$
758,Daniel,Hernandez,74,Poland,False,Race relations officer,102371$,1152972$
759,Danielle,Mclaughlin,30,United Kingdom,False,"Scientist, biomedical",95366$,1700730$
760,Michael,Contreras,23,Italy,True,Chemical engineer,94460$,511320$
761,Brett,Schroeder,60,Spain,True,"Surveyor, hydrographic",102037$,1235526$
762,Melissa,Perry,43,Italy,False,Glass blower/designer,113306$,1361654$
763,Tonya,Weaver,52,France,True,"Engineer, civil (consulting)",72279$,433330$
764,Alexander,Townsend,33,Poland,True,Media planner,74732$,2313225$
765,Michael,Richardson,23,Germany,True,"Psychologist, counselling",75472$,815584$
766,Angela,Morris,53,Poland,True,Engineering geologist,106270$,680581$
767,Courtney,Lawrence,36,United Kingdom,False,"Embryologist, clinical",84189$,993600$
768,Daniel,Soto,70,Italy,True,Patent attorney,67781$,2082788$
769,Ashley,Wilson,49,Poland,False,Materials engineer,72940$,1129725$
770,Cody,Gonzalez,37,Poland,True,"Designer, multimedia",68394$,826960$
771,Michael,Heath,40,France,True,Energy manager,114102$,1482760$
772,Barbara,Mendoza,34,Spain,False,Health promotion specialist,96155$,570942$
773,Brenda,Hunter,34,Italy,True,Network engineer,71524$,2503284$
774,Michael,Nelson,74,United Kingdom,True,"Presenter, broadcasting",104483$,2120200$
775,Andrea,Morton,52,France,True,Customer service manager,96715$,966735$
776,Brenda,Pierce,71,Poland,True,Counsellor,57696$,1217952$
777,Rachel,Beard,78,Italy,True,"Conservator, museum/gallery",79164$,1315409$
778,Whitney,Hobbs,48,Spain,True,Charity fundraiser,87010$,2333189$
779,Randy,Gillespie,45,Poland,True,"Optician, dispensing",107662$,1930750$
780,William,Whitaker,49,Spain,False,Museum/gallery exhibitions officer,63810$,1158222$
781,April,Medina,56,Italy,True,"Engineer, manufacturing",152193$,546336$
782,Julie,Bryan,24,Germany,True,Lobbyist,82117$,1376880$
783,Zachary,Cuevas,32,United Kingdom,True,"Clinical scientist, histocompatibility and immunogenetics",72892$,610057$
784,Patricia,Fuller,77,United Kingdom,False,Seismic interpreter,84600$,737136$
785,Laura,Jackson,43,Spain,False,Dancer,90657$,1898784$
786,Sara,Hayden,25,Spain,True,Curator,103279$,1338944$
787,Leonard,Galvan,44,Spain,True,Retail banker,106839$,1706276$
788,Rhonda,Foster,33,Poland,True,"Designer, television/film set",55406$,739896$
789,Anthony,Daniels,62,Germany,True,Seismic interpreter,110266$,956439$
790,Catherine,Brown,26,Poland,False,Tax inspector,100153$,1378152$
791,Julie,Travis,76,Spain,True,Engineering geologist,104750$,1041540$
792,Elizabeth,Walsh,56,United Kingdom,True,"Surveyor, rural practice",81586$,427915$
793,Connie,Schroeder,28,Italy,False,Charity fundraiser,111020$,2710114$
794,Tiffany,Rose,48,United Kingdom,True,Television camera operator,88564$,1927512$
795,Brenda,Perez,20,Poland,False,Ceramics designer,100853$,1766400$
796,Christina,Coleman,56,United Kingdom,True,"Engineer, site",80763$,1693398$
797,Jennifer,Gibbs,71,Spain,False,Public relations account executive,87434$,1358000$
798,Daniel,Guzman,69,France,True,Garment/textile technologist,90127$,388318$
799,Shannon,Jackson,45,Germany,False,Chief Operating Officer,122971$,2591667$
800,Zachary,Ryan,45,United Kingdom,True,"Development worker, international aid",76358$,723808$
801,Thomas,Sanchez,63,United Kingdom,False,Engineering geologist,76773$,805584$
802,Jeffrey,Hill,28,United Kingdom,False,Ship broker,73323$,1458512$
803,Brian,Hopkins,24,Germany,True,"Pharmacist, hospital",113777$,925015$
804,Peter,Mckenzie,45,Spain,False,Telecommunications researcher,51333$,652976$
805,Brenda,Garcia,23,United Kingdom,True,Diagnostic radiographer,66781$,1640736$
806,Karen,Elliott,32,Italy,True,Arts development officer,89155$,2666422$
807,Christy,Houston,73,Spain,False,Early years teacher,90528$,1601760$
808,Savannah,Chase,79,United Kingdom,False,Toxicologist,97658$,715484$
809,Dwayne,Mcconnell,28,Spain,False,Actuary,67417$,680317$
810,Laura,Evans,59,Germany,True,Office manager,65323$,1677459$
811,James,Bell,35,France,False,"Therapist, speech and language",108311$,1373680$
812,Janet,Bruce,49,Spain,True,"Research officer, trade union",71016$,1967904$
813,Matthew,Dawson,19,France,True,Advertising copywriter,84104$,1378864$
814,Tony,Garcia,44,France,True,unemployed,92978$,2252374$
815,Savannah,Pena,46,Poland,True,Location manager,114735$,967494$
816,Charles,Sims,33,Poland,True,"Programmer, multimedia",47308$,675878$
817,Brittany,Williams,38,United Kingdom,True,Technical sales engineer,88479$,1504398$
818,Mallory,Macias,40,Spain,True,Optometrist,94872$,1659990$
819,Whitney,Villa,42,France,False,Volunteer coordinator,94611$,958000$
820,Michael,Williams,24,Germany,True,Operational investment banker,103456$,1827252$
821,Kelly,Mclaughlin,73,Germany,False,Logistics and distribution manager,93435$,1671259$
822,James,Allen,76,France,True,Dealer,71757$,1204668$
823,Elizabeth,Huber,50,Poland,True,"Teacher, music",84290$,949050$
824,Christy,Mccullough,58,Germany,False,Clothing/textile technologist,84550$,383845$
825,Joshua,Webb,56,Germany,True,"Engineer, electrical",102022$,1390956$
826,Yolanda,Garrett,33,United Kingdom,False,"Editor, magazine features",95289$,756220$
827,William,Lester,43,Italy,True,Media planner,68959$,1221088$
828,Melissa,Flores,19,Italy,True,Sales promotion account executive,98200$,1243374$
829,Samuel,Hopkins,25,Germany,True,Electrical engineer,64919$,1663088$
830,Charles,Lopez,58,Spain,True,"Editor, film/video",94372$,662610$
831,Melanie,Lyons,53,Germany,True,Barista,58181$,850916$
832,Sue,Crawford,55,Spain,False,"Education officer, community",80491$,1885266$
833,April,Wilson,38,Poland,False,Adult nurse,100763$,1285164$
834,Marcus,Fisher,28,United Kingdom,True,Call centre manager,90096$,581240$
835,Sheena,Aguirre,77,Germany,False,Fast food restaurant manager,89893$,492118$
836,Timothy,Reed,36,Italy,True,Phytotherapist,98142$,684180$
837,Jacob,Alvarado,35,Spain,False,Occupational therapist,106174$,662928$
838,Elizabeth,Middleton,64,Spain,True,Chartered accountant,73301$,1002677$
839,Diane,Patterson,41,Germany,True,Ceramics designer,63481$,2292339$
840,Sydney,Robinson,67,Poland,True,Applications developer,62308$,1679328$
841,Matthew,Johnson,30,Spain,True,"Surveyor, quantity",68866$,742272$
842,Jose,Jones,66,Italy,True,"Programmer, applications",83434$,2192336$
843,Martha,Gallagher,47,France,False,Building surveyor,95834$,1027368$
844,Stephanie,Benson,19,Poland,False,Special educational needs teacher,55009$,3175032$
845,Amy,Adams,41,Spain,True,Landscape architect,88960$,773248$
846,Anthony,Oconnor,21,Germany,True,Communications engineer,103483$,1712277$
847,Shawn,Osborne,52,Italy,True,"Presenter, broadcasting",100394$,639234$
848,Kimberly,Chavez,67,Germany,False,Fast food restaurant manager,96288$,1091299$
849,Daniel,Russo,76,Spain,True,"Scientist, product/process development",100745$,2194416$
850,Alexander,Johns,34,Italy,True,Barrister,76419$,1965960$
851,Travis,Humphrey,50,United Kingdom,True,"Engineer, mining",101121$,692699$
852,Brian,Butler,68,Poland,True,Advertising account executive,77489$,1684683$
853,Allison,Morgan,54,France,True,"Scientist, research (maths)",70301$,1979200$
854,Matthew,Bailey,40,Germany,False,Network engineer,93137$,897372$
855,Rebecca,Horne,34,Germany,False,Visual merchandiser,94454$,1396104$
856,Lauren,Alexander,33,Germany,True,Merchant navy officer,95525$,1990328$
857,Christina,Bolton,39,United Kingdom,True,Magazine features editor,74828$,870436$
858,Sharon,Walsh,28,Germany,False,Arts administrator,86001$,2536944$
859,Anthony,Brown,46,Germany,False,Senior tax professional/tax inspector,106610$,1236046$
860,David,Smith,40,Poland,True,Special effects artist,79566$,695562$
861,Tyler,Elliott,60,Germany,True,Pensions consultant,96994$,1245760$
862,Robert,Miller,54,Poland,False,"Scientist, physiological",83954$,1270445$
863,Jason,Ramirez,25,United Kingdom,True,Magazine journalist,101179$,2261057$
864,Natasha,Owens,37,Germany,True,Advertising account planner,75299$,1282392$
865,Carrie,Stewart,26,Spain,False,Museum education officer,105059$,1002411$
866,Marissa,Rogers,63,France,True,Maintenance engineer,99783$,1789794$
867,Eric,Murray,73,United Kingdom,True,"Administrator, education",116306$,905445$
868,Brent,Shaw,72,France,True,Dramatherapist,100710$,704934$
869,Alexandra,Medina,32,Spain,True,"Biochemist, clinical",106089$,1845100$
870,Dana,Baker,20,Poland,False,Forensic scientist,84865$,2409100$
871,Dawn,Manning,42,Germany,True,Television floor manager,97103$,1830950$
872,Ian,Smith,41,Italy,False,Broadcast journalist,64024$,1783644$
873,Jamie,Gibson,57,Spain,True,Hydrographic surveyor,53181$,2305314$
874,Jacqueline,Flores,39,Spain,False,Ecologist,94081$,640308$
875,Sarah,Warren,80,Italy,True,"Designer, furniture",106331$,639373$
876,Thomas,Ryan,79,Italy,True,Video editor,75856$,690774$
877,Sarah,Love,24,United Kingdom,False,Data processing manager,80662$,1182108$
878,William,Leach,51,Germany,True,Recycling officer,72897$,1239810$
879,Ryan,Wolfe,48,France,True,Osteopath,75519$,2027281$
880,Jessica,Braun,26,Poland,False,Teaching laboratory technician,93548$,1226124$
881,Russell,Suarez,67,United Kingdom,True,Chief Strategy Officer,98121$,650976$
882,Curtis,Rodriguez,44,Poland,True,Land,99310$,2080824$
883,Victoria,Wu,35,Italy,True,Theatre director,110135$,1814652$
884,Lisa,Hendricks,58,Germany,False,Scientific laboratory technician,65612$,1143840$
885,David,Scott,44,France,False,Recycling officer,84385$,416445$
886,Edgar,Hall,36,United Kingdom,True,Civil Service administrator,106914$,431915$
887,Catherine,Marshall,46,Italy,True,Quantity surveyor,79977$,548244$
888,Kimberly,Miller,75,France,False,"Sound technician, broadcasting/film/video",87261$,1638970$
889,Amanda,Moore,60,Italy,True,"Teacher, special educational needs",85773$,1285940$
890,Kelsey,Burgess,35,Italy,True,"Education officer, community",93156$,619710$
891,Rodney,Acosta,29,United Kingdom,False,"Education officer, community",89855$,1964752$
892,Christina,Garcia,49,Poland,True,unemployed,87523$,1168290$
893,Madison,Reyes,36,Spain,False,Sports coach,93418$,1710720$
894,Rachel,Smith,44,United Kingdom,True,"Production assistant, television",87302$,2037280$
895,George,Heath,57,United Kingdom,True,Structural engineer,97387$,1722320$
896,Shannon,Bailey,33,Poland,True,Tour manager,55796$,1946142$
897,Beverly,Stone,50,Germany,False,Corporate investment banker,97779$,2113872$
898,Leah,King,70,Spain,False,Forensic psychologist,100015$,506296$
899,William,Calhoun,74,Spain,True,Economist,99363$,1654140$
900,Heather,Tucker,34,Spain,False,Museum/gallery curator,94279$,1080860$
901,Shelby,Baird,51,France,True,Landscape architect,113223$,1490576$
902,William,Brown,75,United Kingdom,False,"Engineer, civil (contracting)",87229$,529963$
903,Walter,Gallagher,80,Germany,False,Games developer,94333$,742023$
904,Sylvia,Smith,79,Italy,True,Furniture conservator/restorer,115886$,2038160$
905,Johnny,Turner,50,Germany,False,Naval architect,126874$,1161199$
906,Karen,Harris,42,France,True,Newspaper journalist,60279$,2637192$
907,Stacy,Rogers,24,France,False,Airline pilot,141396$,514656$
908,Kyle,Berry,64,United Kingdom,True,"Scientist, biomedical",84296$,2315688$
909,John,Jimenez,46,Italy,False,"Engineer, chemical",66700$,1092760$
910,Michael,Lee,23,Italy,True,Higher education lecturer,108355$,1726840$
911,Colleen,Padilla,31,Germany,False,Adult nurse,101336$,564975$
912,Jack,Small,34,Poland,True,Dancer,97638$,1554408$
913,Teresa,Flowers,21,Germany,False,Maintenance engineer,64851$,742776$
914,Sean,Mathis,49,Spain,False,"Accountant, chartered certified",71787$,2250600$
915,Wesley,Wilson,66,Poland,True,Public house manager,92720$,1192995$
916,Steven,Smith,20,Germany,True,"Surveyor, insurance",49742$,1465008$
917,Willie,Nichols,53,United Kingdom,True,Chief Financial Officer,128773$,2429217$
918,Courtney,Leon,29,Germany,True,Financial manager,54683$,1605463$
919,Joshua,Nelson,19,Poland,False,Publishing rights manager,94556$,1931346$
920,Thomas,Pittman,37,Germany,False,Clinical biochemist,79104$,1836618$
921,Ashley,Morrison,57,United Kingdom,False,Further education lecturer,79987$,2902325$
922,Robin,Douglas,63,Poland,True,Broadcast journalist,107859$,1498512$
923,Tyler,Wall,34,France,True,Water quality scientist,74664$,1676682$
924,Marc,Fuller,37,Italy,False,Make,130026$,1794500$
925,Thomas,White,68,Poland,False,unemployed,113180$,1079180$
926,Courtney,Brown,25,Germany,True,Writer,93039$,443335$
927,Michael,Wilson,56,United Kingdom,False,"Doctor, general practice",100058$,2475384$
928,Kyle,Frazier,19,Poland,False,Meteorologist,118080$,568470$
929,Walter,Aguilar,72,Poland,True,Human resources officer,86757$,1965546$
930,Stephanie,Moore,57,Poland,False,Print production planner,83410$,642229$
931,Lisa,Martin,65,Germany,True,"Teacher, English as a foreign language",67332$,1183820$
932,Shaun,Knox,47,Germany,False,Agricultural engineer,102230$,1032304$
933,Brandy,Mullins,67,France,False,"Engineer, communications",61330$,1025475$
934,Barbara,Allen,54,France,True,unemployed,107314$,418495$
935,Geoffrey,Maynard,62,France,False,Dealer,74226$,369600$
936,Raymond,Schmidt,60,Germany,True,Garment/textile technologist,97983$,1748960$
937,Erik,Gonzalez,75,Poland,True,Special educational needs teacher,71929$,2289253$
938,Clayton,Wright,60,Germany,True,"Designer, exhibition/display",109255$,1203620$
939,Cindy,Johnson,71,United Kingdom,True,Risk analyst,88953$,1188800$
940,Brandy,Sanders,44,France,True,Fish farm manager,127098$,1113480$
941,Kevin,Gomez,74,Spain,False,"Engineer, site",99354$,1343565$
942,Ashley,Blair,52,Spain,True,"Biochemist, clinical",105674$,1375521$
943,Timothy,Jones,40,Germany,True,"Education officer, environmental",75312$,1385384$
944,Andrew,Callahan,34,Spain,True,Food technologist,85287$,560928$
945,Stephanie,Rivers,20,Germany,False,Insurance claims handler,74560$,1464060$
946,Adam,Cole,19,Italy,False,Geophysical data processor,126055$,1455768$
949,Robert,Henry,41,Germany,False,Barrister's clerk,80077$,1764160$
950,Brianna,Blankenship,80,Spain,True,"Designer, exhibition/display",87417$,750744$
951,Brian,Peterson,31,Germany,True,Psychotherapist,100279$,1665694$
952,Dominique,Edwards,76,Poland,True,Secretary/administrator,105716$,1544205$
953,Jennifer,Taylor,21,Spain,True,Government social research officer,94908$,1788682$
954,Jeffrey,Bright,28,Spain,False,"Radiographer, therapeutic",104420$,1396077$
958,Brandon,Nunez,46,Spain,False,Biomedical engineer,91740$,1096312$
959,Lisa,Benton,74,Italy,False,Early years teacher,110140$,409815$
960,William,Marquez,64,Germany,False,Learning disability nurse,90258$,1574700$
961,Paula,Peters,42,Germany,True,"Therapist, occupational",96076$,692480$
962,Vicki,Clark,62,France,False,Recycling officer,95358$,1161024$
963,Sarah,Ramirez,37,United Kingdom,False,"Social research officer, government",68315$,1220770$
964,Jessica,Wiggins,63,Germany,True,Health service manager,50654$,868934$
965,Philip,Fry,31,France,False,Landscape architect,91311$,704055$
966,Kimberly,Calderon,45,Spain,False,Engineering geologist,125374$,393345$
967,Audrey,Cruz,25,Italy,True,Accounting technician,88835$,575694$
973,Andre,Bailey,59,United Kingdom,True,Maintenance engineer,98839$,3120250$
974,Peter,Harmon,43,Italy,True,Associate Professor,93488$,991445$
975,Dylan,Heath,52,Poland,True,Health and safety inspector,71884$,1319190$
976,Jeffery,Rodriguez,37,Italy,False,"Radiographer, therapeutic",106615$,1056457$
979,Jennifer,Sanchez,31,Italy,False,Occupational hygienist,108368$,2556900$
980,Mary,Thompson,74,Italy,True,Health physicist,73468$,1173368$
981,Madison,Campbell,36,Italy,True,Agricultural engineer,126194$,1828344$
982,Kathryn,Sandoval,76,Germany,True,Accounting technician,111947$,1043409$
985,Zachary,Allen,22,Italy,False,Operations geologist,94458$,3006330$
986,Heather,Hernandez,76,United Kingdom,True,Planning and development surveyor,110826$,703962$
987,Oscar,Cooley,36,Italy,False,Training and development officer,114223$,832125$
988,Darren,Lewis,49,Poland,False,Retail manager,66209$,1712920$
989,Dillon,Durham,18,Italy,True,"Scientist, clinical (histocompatibility and immunogenetics)",84376$,2002902$
990,Andrew,Parker,49,Germany,True,Transport planner,91309$,1562814$
994,Pamela,Campbell,31,United Kingdom,False,Risk manager,75412$,2081247$
995,Paul,Kelley,60,Germany,True,Osteopath,85420$,1230922$
996,Stephanie,Malone,22,Italy,False,"Journalist, magazine",86268$,2147650$
997,Lauren,Robinson,51,United Kingdom,True,"Lecturer, further education",82004$,2495270$
998,Kenneth,Dunlap,33,United Kingdom,False,Geophysical data processor,55734$,1851440$
999,Christopher,Perry,40,Spain,True,"Psychotherapist, child",106897$,654318$
